arena_name,year_start,year_end,arena_lat,arena_lon
Montreal Arena,1917,1918,45.487629,-73.586651
Jubilee Arena,1918,1920,45.537798,-73.542223
Mount Royal Arena,1920,1926,45.518889,-73.586667
Montreal Forum,1926,1996,45.490278,-73.584722
Bell Centre,1996,2026,45.496111,-73.569444